date,adj_close
2008-01-31,52.4429136089
2008-02-29,49.0580339103
2008-03-31,47.6004522576
2008-04-30,52.5645589147
2008-05-31,51.3087417071
2008-06-30,40.0972340275
2008-07-31,41.5436104843
2008-08-31,44.1792194013
2008-09-30,40.3989096979
2008-10-31,31.1917553978
2008-11-30,28.8306309696
2008-12-31,33.0689367548
2009-01-31,31.8761201565
2009-02-28,26.5665164084
2009-03-31,27.7926633196
2009-04-30,32.6546764187
2009-05-31,36.350921877
2009-06-30,35.7596409695
2009-07-31,36.1623975297
2009-08-31,39.6670350839
2009-09-30,43.768144706
2009-10-31,43.4062820923
2009-11-30,46.272158305
2009-12-31,47.9166981625
2010-01-31,46.0384605358
2010-02-28,48.9340058388
2010-03-31,54.4203878012
2010-04-30,56.5158205317
2010-05-31,50.9164178581
2010-06-30,46.3693740282
2010-07-31,49.8865691596
2010-08-31,47.2718111834
2010-09-30,51.058464703
2010-10-31,53.0394454795
2010-11-30,49.3419647492
2010-12-31,51.2783244076
2011-01-31,56.4536856763
2011-02-28,56.9202980589
2011-03-31,57.2647877585
2011-04-30,55.7366667833
2011-05-31,54.2004730361
2011-06-30,54.696992992
2011-07-31,48.8451506553
2011-08-31,44.9774470179
2011-09-30,47.0275486457
2011-10-31,49.7639886446
2011-11-30,49.1518410114
2011-12-31,49.5726309071
2012-01-31,51.8287809863
2012-02-29,53.2989703267
2012-03-31,51.7437802666
2012-04-30,50.242527434
2012-05-31,45.5402353524
2012-06-30,44.6180388057
2012-07-31,45.7210582047
2012-08-31,44.4475348245
2012-09-30,48.785876161
2012-10-31,48.7313058297
2012-11-30,52.2951962914
2012-12-31,53.2006220404
2013-01-31,53.8499677796
2013-02-28,55.2489429764
2013-03-31,58.0155262131
2013-04-30,57.8317000844
2013-05-31,59.7870840317
2013-06-30,58.5497914819
2013-07-31,65.7150080392
2013-08-31,65.6083103355
2013-09-30,62.9105544633
2013-10-31,64.7368702943
2013-11-30,68.0103924178
2013-12-31,69.1231707346
2014-01-31,70.6567475745
2014-02-28,77.4880727593
2014-03-31,74.793733423
2014-04-30,72.8973691514
2014-05-31,74.4840739407
2014-06-30,73.6359506291
2014-07-31,69.0466611543
2014-08-31,72.8440714493
2014-09-30,74.2824059336
2014-10-31,79.6288466155
2014-11-30,81.2209947627
2014-12-31,80.2238938098
2015-01-31,81.3064605587
2015-02-28,84.8786720083
2015-03-31,91.9963603772
2015-04-30,92.7395728174
2015-05-31,91.0052387486
2015-06-30,88.2900913797
2015-07-31,80.8999191397
2015-08-31,78.548306629
2015-09-30,78.5387100124
2015-10-31,83.2218588988
2015-11-30,89.281976961
2015-12-31,88.9159092954
2016-01-31,77.914612609
2016-02-29,84.7148676019
2016-03-31,89.2035850357
2016-04-30,85.3146531211
2016-05-31,85.8333701416
2016-06-30,82.6680218762
2016-07-31,82.1631196989
2016-08-31,81.5773561668
2016-09-30,82.2109477728
2016-10-31,82.1914526465
2016-11-30,90.7327430373
2016-12-31,90.771885722
2017-01-31,88.8147514891
2017-02-28,93.8822448697
2017-03-31,95.4241961663
2017-04-30,102.2303888323
2017-05-31,107.4404462245
2017-06-30,103.5290425426
2017-07-31,104.9576408647
2017-08-31,129.4545636465
2017-09-30,129.1187028938
2017-10-31,133.9491707781
2017-11-30,131.0221073285
2017-12-31,134.2998881105
2018-01-31,137.1419518096
2018-02-28,136.7172224887
2018-03-31,133.8681197546
2018-04-30,131.5749395052
2018-05-31,136.8419706413
2018-06-30,134.0257189003
2018-07-31,138.3147807391
2018-08-31,135.6142204925
2018-09-30,140.1230566574
2018-10-31,127.7038066013
2018-11-30,141.04
