ticker,date,split_ratio
A,2014-11-03,1.398
AAPL,2014-06-09,7.0
AAPL,2020-08-31,4.0
ABT,2013-01-02,2.084201750729471
ADP,2014-10-01,1.139
AFL,2018-03-19,2.0
AIG,2009-07-01,0.05
AIV,2020-12-01,0.807
AIV,2020-12-15,9.295
ALK,2012-03-19,2.0
ALK,2014-07-10,2.0
ALXN,2008-08-25,2.0
ALXN,2011-05-23,2.0
AME,2010-12-22,1.5
AME,2012-07-02,1.5
AMZN,2022-06-06,20.0
ANET,2021-11-18,4.0
ANET,2024-12-04,4.0
AOS,2010-11-16,1.5
AOS,2013-05-16,2.0
AOS,2016-10-06,2.0
APD,2016-10-03,1.081
APH,2014-10-10,2.0
APH,2021-03-05,2.0
APH,2024-06-12,2.0
APTV,2017-12-05,1.193
ATVI,2008-09-08,2.0
AVGO,2024-07-15,10.0
BAX,2015-07-01,1.841
BDX,2022-04-01,1.025
BEN,2013-07-26,3.0
BF.B,2008-10-28,1.25
BF.B,2012-08-13,1.5
BF.B,2016-08-19,2.0
BF.B,2018-03-01,1.25
BRK.B,2010-01-21,50.0
BWA,2013-12-17,2.0
BWA,2023-07-05,1.136
C,2011-05-09,0.1
CAG,2016-11-10,1.285
CELG,2014-06-26,2.0
CERN,2011-06-27,2.0
CERN,2013-07-01,2.0
CF,2015-06-18,5.0
CHD,2011-06-02,2.0
CHD,2016-09-02,2.0
CHK,2020-04-15,0.005
CL,2013-05-16,2.0
CLF,2008-05-16,2.0
CMCSA,2017-02-21,2.0
CME,2012-07-23,5.0
CMG,2024-06-26,50.0
CMI,2008-01-03,2.0
CNC,2015-02-20,2.0
CNC,2019-02-07,2.0
CNX,2017-11-29,1.2
COO,2024-02-20,4.0
COP,2012-05-01,1.311791
CPRT,2012-03-29,2.0
CPRT,2017-04-11,2.0
CPRT,2022-11-04,2.0
CPRT,2023-08-22,2.0
CPWR,2017-03-28,0.004
CPWR,2017-05-25,2.16759
CRM,2013-04-18,4.0
CSX,2011-06-16,3.0
CSX,2021-06-29,3.0
CTAS,2024-09-12,4.0
CTSH,2014-03-10,2.0
DD,2019-04-02,1.487
DD,2019-06-03,0.4725
DELL,2018-12-28,1.806
DELL,2021-11-02,1.973
DHR,2010-06-14,2.0
DHR,2016-07-05,1.319
DHR,2023-10-02,1.128
DLTR,2010-06-25,1.5
DLTR,2012-06-27,2.0
DOV,2014-03-03,1.205
DOV,2018-05-09,1.238
DRI,2015-11-10,1.1186933661483387
DTE,2021-07-01,1.175
DUK,2012-07-03,0.3333333333333333
DVA,2013-09-09,2.0
DWDP,2019-04-02,1.487
DXC,2015-11-30,1.7412
DXC,2018-06-01,1.156
EBAY,2015-07-20,2.376
EL,2012-01-23,2.0
EMN,2011-10-04,2.0
EOG,2014-04-01,2.0
EP,2013-08-12,0.08333333333333333
EP,2022-03-08,0.25
EQT,2018-11-13,1.837
ESRX,2010-06-08,2.0
ETFC,2010-06-02,0.1
ETN,2011-03-01,2.0
ETR,2024-12-13,2.0
EVHC,2016-12-02,0.334
EW,2010-05-28,2.0
EW,2015-12-14,2.0
EW,2020-06-01,3.0
EXC,2022-02-02,1.402
EXPE,2011-12-21,0.5
FAST,2011-05-23,2.0
FAST,2019-05-23,2.0
FCX,2011-02-02,2.0
FHN,2008-09-10,1.0306
FHN,2009-09-09,1.0159
FISV,2013-12-17,2.0
FISV,2018-03-20,2.0
FLR,2008-07-17,2.0
FLS,2013-06-24,3.0
FMC,2012-05-25,2.0
FMC,2019-03-04,1.153
FTI,2011-04-01,2.0
FTI,2021-02-16,1.344
FTNT,2011-06-02,2.0
FTNT,2022-06-23,5.0
FTV,2020-10-09,1.195
GE,2019-02-26,1.04
GE,2021-08-02,0.125
GE,2023-01-04,1.281
GE,2024-04-02,1.253
GHC,2015-07-01,1.655
GILD,2013-01-28,2.0
GIS,2010-06-09,2.0
GMCR,2009-06-08,1.49999925
GMCR,2010-05-17,3.000003
GME,2022-07-22,4.0
GOOG,2014-03-27,2.002
GOOG,2015-04-27,1.0027455
GOOG,2022-07-18,20.0
GOOGL,2014-04-03,1.998
GOOGL,2022-07-18,20.0
GPN,2015-11-03,2.0
HBI,2015-03-04,4.0
HLT,2017-01-04,0.4873294346978557
HOLX,2008-04-03,2.0
HON,2016-10-03,1.0053282396702523
HON,2018-10-01,1.011
HON,2018-10-29,1.032
HPE,2017-04-03,1.3348
HPE,2017-09-01,1.289
HPQ,2015-11-02,2.202
HRL,2011-02-15,2.0
HRL,2016-02-10,2.0
HSIC,2017-09-15,2.0
HSIC,2019-02-08,1.275
HST,2009-11-04,1.0215
IBM,2021-11-04,1.046
ICE,2016-11-04,5.0
IDXX,2015-06-16,2.0
ILMN,2008-09-23,2.0
ILMN,2024-06-25,1.028
IP,2014-07-02,1.014
IP,2021-10-01,1.056
IRM,2014-09-26,1.082
ISRG,2017-10-06,3.0
ISRG,2021-10-05,3.0
ITT,2011-11-01,3.0156815440289506
JCI,2012-10-01,2.011667672500503
JCI,2016-09-06,0.955
JEC,2024-09-30,1.197
JEF,2013-02-26,1.027
JEF,2019-09-27,1.068
JEF,2023-01-17,1.046
K,2023-10-02,1.065
KMB,2014-11-03,1.043
KO,2012-08-13,2.0
KR,2015-07-14,2.0
LDOS,2013-09-30,0.405
LEN,2017-11-09,1.017
LH,2023-07-03,1.164
LKQ,2012-09-19,2.0
LNT,2016-05-20,2.0
LO,2013-01-16,3.000003
LRCX,2024-10-03,10.0
LSI,2021-01-28,1.5
LVLT,2011-10-20,0.0666666667
MA,2014-01-22,10.0
MAC,2009-05-07,1.027
MAC,2009-08-10,1.0189
MAC,2009-11-09,1.0179
MAC,2010-02-11,1.014
MAR,2009-06-23,1.004
MAR,2009-08-18,1.004
MAR,2009-11-17,1.003
MAR,2011-11-22,1.061
MAS,2015-07-01,1.138
MCHP,2021-10-13,2.0
MET,2017-08-07,1.122
MHS,2008-01-25,2.0
MI,2024-04-12,0.02
MKC,2020-12-01,2.0
MMM,2024-04-01,1.196
MNST,2012-02-16,2.0
MNST,2016-11-10,3.0
MNST,2023-03-28,2.0
MPC,2015-06-11,2.0
MRK,2021-06-03,1.048
MSI,2011-01-04,0.24737167594310452
MUR,2013-09-03,1.158
NBL,2013-05-29,2.0
NBR,2020-04-23,0.02
NDAQ,2022-08-29,3.0
NEE,2020-10-27,4.0
NFLX,2015-07-15,7.0
NI,2015-07-02,2.545
NKE,2012-12-26,2.0
NKE,2015-12-24,2.0
NOC,2011-03-31,1.1068068622025458
NOV,2014-06-02,1.109
NVDA,2021-07-20,4.0
NVDA,2024-06-10,10.0
NVLS,2017-07-24,0.25
O,2021-11-15,1.032
ODP,2020-07-01,0.1
OKE,2012-06-04,2.0
OKE,2014-02-03,1.1422
OXY,2014-12-01,1.042
OXY,2016-02-25,1.0017028949213662
PCAR,2023-02-08,1.5
PEG,2008-02-05,2.0
PFE,2020-11-17,1.054
PNR,2018-05-01,1.489
PPG,2015-06-15,2.0
PPL,2015-06-02,1.0736525660296328
RAI,2010-11-16,2.0
RAI,2015-09-01,2.0
RJF,2021-09-22,1.5
RMD,2010-08-31,2.0
ROL,2010-12-13,1.5
ROL,2015-03-11,1.5
ROL,2018-12-11,1.5
ROL,2020-12-11,1.5
ROST,2011-12-16,2.0
ROST,2015-06-12,2.0
SBUX,2015-04-09,2.0
SHW,2021-04-01,3.0
SIG,2008-09-11,0.5
SII,2020-05-28,0.1
SLG,2021-01-21,0.971
SLG,2022-01-24,0.97
SLM,2014-05-01,2.798
SPG,2009-08-13,1.00722
SPG,2009-11-12,1.0063
SPG,2014-05-29,1.063
SRE,2023-08-22,2.0
STR,2022-06-06,0.25
SVU,2017-08-02,0.1428571429
SWN,2008-03-26,2.0
T,2022-04-11,1.324
THC,2012-10-11,0.25
TJX,2012-02-03,2.0
TJX,2018-11-07,2.0
TMUS,2013-05-01,0.5
TSCO,2010-09-03,2.0
TSCO,2013-09-27,2.0
TSCO,2024-12-20,5.0
TWC,2009-03-13,0.3333333333
TWX,2009-03-30,0.3333333333
UA,2016-06-13,1.007098
UAA,2012-07-10,2.0
UAA,2014-04-15,2.0
UAA,2016-04-08,2.0
UHS,2009-12-16,2.0
UNP,2008-05-29,2.0
UNP,2014-06-09,2.0
V,2015-03-19,4.0
VFC,2013-12-23,4.0
VFC,2019-05-23,1.062
VIAV,2015-08-04,1.758
VLO,2013-05-02,1.094
VNO,2015-01-16,1.1049723756906078
VNO,2017-07-18,1.237
VTR,2015-08-18,0.8757
VZ,2008-04-01,1.0046515366145252
VZ,2010-07-02,1.0662242546825904
WEC,2011-03-02,2.0
WFM,2013-05-30,2.0
WMB,2012-01-03,1.2266928361138372
WMT,2024-02-26,3.0
XRX,2017-01-03,1.518
XRX,2017-06-15,0.25
YUM,2016-11-01,1.391
ZBH,2022-03-01,1.03
