config,oos_sharpe,deflated_sharpe,n_trials,ann_return_pct,max_drawdown_pct,hit_rate_pct,turnover_pct,n_periods
baseline,0.06606455331369536,0.5776716260360534,1,-0.5669555579101648,-47.775057448081505,55.96330275229357,37.12,109
gbm_lr0.03_depth3,0.15976390736884805,0.14613607033049253,9,1.2341835086420394,-38.05228399729719,53.21100917431193,71.59,109
gbm_lr0.03_depth5,-0.03558260755989944,0.051780045779126045,9,-1.2006655409040334,-36.97599902041288,46.788990825688074,89.21,109
gbm_lr0.1_depth3,0.06564409676082454,0.09260682682131621,9,-0.02062216940610373,-37.08344221312216,54.12844036697248,79.07,109
gbm_lr0.1_depth5,0.1447455605604887,0.13734272694950933,9,1.0114550572072556,-28.342439281419416,55.96330275229357,97.27,109
rf_depth5_leaf50,-0.009259372077212238,0.060734568925686384,9,-1.1143759591162539,-44.772217833452125,55.04587155963303,82.48,109
rf_depth5_leaf200,-0.3570883425608173,0.003548953299729129,9,-5.264348673428831,-53.55118961275169,47.706422018348626,81.5,109
rf_depth10_leaf50,0.2405941906933877,0.2021771010010992,9,2.1429740220104243,-32.52061318965149,59.63302752293578,100.57,109
rf_depth10_leaf200,-0.21981561624101223,0.014307715469880926,9,-2.7945984874469976,-39.9680473771984,46.788990825688074,100.38,109
