bps,baseline_sharpe,ml_sharpe,ml_advantage
0,0.08719257168037586,0.32080247437239584,0.23360990269201998
2,0.0819097847569668,0.30074408185795354,0.21883429710098673
4,0.07662751325245486,0.2806898784525182,0.20406236520006332
6,0.07134576637167159,0.26063990209981047,0.18929413572813888
8,0.06606455331369578,0.24059419069338872,0.17452963737969296
10,0.06078388327177759,0.2205527820763185,0.15976889880454093
12,0.055503765433258245,0.20051571404084492,0.14501194860758668
15,0.047584644139410374,0.1704683331227145,0.12288368898330412
20,0.03438899964883756,0.12041160176283754,0.08602260211399998
25,0.021197092945525693,0.07038317506567567,0.04918608212014997
30,0.0080090669259051,0.02038363803918542,0.012374571113280322
40,-0.01835477276697643,-0.07952643746149593,-0.0611716646945195
50,-0.04470138152504594,-0.17931398707088153,-0.1346126055458356
75,-0.11048509149989531,-0.4282166934315473,-0.31773160193165195
100,-0.1761364602659721,-0.6762540265270465,-0.5001175662610744
