fold,test_start,test_end,n_test_dates,feature,baseline_ic,mean_permuted_ic,importance
0,2015-02-01,2016-02-01,12,mom_z,0.02061235796579045,-0.0008133863747512122,0.02142574434054166
0,2015-02-01,2016-02-01,12,val_z,0.02061235796579045,0.020941099296157922,-0.0003287413303674734
0,2015-02-01,2016-02-01,12,qual_z,0.02061235796579045,0.013475882621606986,0.007136475344183463
1,2016-03-01,2017-03-01,12,mom_z,-0.008654646360198859,0.005676713179877463,-0.014331359540076322
1,2016-03-01,2017-03-01,12,val_z,-0.008654646360198859,-0.012956825896673662,0.0043021795364748035
1,2016-03-01,2017-03-01,12,qual_z,-0.008654646360198859,-0.00691640941503441,-0.001738236945164449
2,2017-04-01,2018-04-01,12,mom_z,-0.006198446316066915,0.008929299760285257,-0.015127746076352172
2,2017-04-01,2018-04-01,12,val_z,-0.006198446316066915,-0.009719788351510376,0.0035213420354434618
2,2017-04-01,2018-04-01,12,qual_z,-0.006198446316066915,-0.013799527136266278,0.007601080820199364
3,2018-05-01,2019-05-01,12,mom_z,0.007974154839167892,-0.008790399679980545,0.016764554519148437
3,2018-05-01,2019-05-01,12,val_z,0.007974154839167892,0.021465102830468392,-0.0134909479913005
3,2018-05-01,2019-05-01,12,qual_z,0.007974154839167892,0.001862094992880265,0.006112059846287627
4,2019-06-01,2020-06-01,12,mom_z,0.025176007798359865,0.01626200256469166,0.008914005233668205
4,2019-06-01,2020-06-01,12,val_z,0.025176007798359865,0.02124597910186549,0.003930028696494375
4,2019-06-01,2020-06-01,12,qual_z,0.025176007798359865,0.00561816374261701,0.019557844055742853
5,2020-07-01,2021-07-01,12,mom_z,-0.026014601837022127,-0.019549593679758063,-0.006465008157264064
5,2020-07-01,2021-07-01,12,val_z,-0.026014601837022127,-0.033593845824887225,0.007579243987865098
5,2020-07-01,2021-07-01,12,qual_z,-0.026014601837022127,-0.004947337568868617,-0.02106726426815351
6,2021-08-01,2022-08-01,12,mom_z,0.015462588340858563,0.017165801195571057,-0.0017032128547124943
6,2021-08-01,2022-08-01,12,val_z,0.015462588340858563,-0.006182606101003442,0.021645194441862005
6,2021-08-01,2022-08-01,12,qual_z,0.015462588340858563,0.01086120500370241,0.0046013833371561525
7,2022-09-01,2023-09-01,12,mom_z,0.05836429993418516,0.04933306539996879,0.009031234534216372
7,2022-09-01,2023-09-01,12,val_z,0.05836429993418516,-0.00045172727306515455,0.058816027207250314
7,2022-09-01,2023-09-01,12,qual_z,0.05836429993418516,0.04846074277705249,0.009903557157132668
8,2023-10-01,2024-10-01,12,mom_z,0.012924434784835242,0.015556977492719223,-0.0026325427078839805
8,2023-10-01,2024-10-01,12,val_z,0.012924434784835242,0.002762555332472637,0.010161879452362604
8,2023-10-01,2024-10-01,12,qual_z,0.012924434784835242,0.018345387134621135,-0.005420952349785893
9,2024-11-01,2024-12-31,1,mom_z,0.0751553165767748,0.009023838225785615,0.06613147835098918
9,2024-11-01,2024-12-31,1,val_z,0.0751553165767748,0.056142947808212953,0.01901236876856184
9,2024-11-01,2024-12-31,1,qual_z,0.0751553165767748,0.007741253860662151,0.06741406271611264
