config,gross_sharpe,net_sharpe,gross_deflated_sharpe,net_deflated_sharpe,cost_drag_sharpe,n_trials,n_periods
baseline,0.08719257168037586,0.06606455331369578,0.6016548582544666,0.5776716260360539,0.021128018366680087,1,109
gbm_lr0.03_depth3,0.2090390925593159,0.15976390736884813,0.18035792287482716,0.14613607033049258,0.04927518519046778,9,109
gbm_lr0.03_depth5,0.032060770297698084,-0.03558260755990018,0.07709911117858263,0.05178004577912582,0.06764337785759826,9,109
gbm_lr0.1_depth3,0.12177136985545875,0.065644096760825,0.12319562822622049,0.09260682682131638,0.05612727309463375,9,109
gbm_lr0.1_depth5,0.22233556238052676,0.1447455605604895,0.19273896766181853,0.13734272694950983,0.07759000182003725,9,109
rf_depth5_leaf50,0.0479620408918696,-0.009259372077212055,0.08394028838577755,0.06073456892568647,0.05722141296908166,9,109
rf_depth5_leaf200,-0.2967580094740892,-0.3570883425608171,0.006552698848016958,0.0035489532997291366,0.060330333086727916,9,109
rf_depth10_leaf50,0.32080247437239584,0.24059419069338872,0.2673813104261441,0.20217710100109998,0.08020828367900712,9,109
rf_depth10_leaf200,-0.12932797705546212,-0.2198156162410126,0.027945569107227602,0.014307715469880892,0.09048763918555047,9,109
