fold_dropped,baseline_sharpe,ml_sharpe,ml_minus_baseline
0,-0.11442295165168825,0.2693510777990878,0.38377402945077604
1,0.12329821302026771,0.29030120060391806,0.16700298758365034
2,-0.005505842454723056,0.2081754604413002,0.21368130289602325
3,0.04695583721216233,0.23373124937258788,0.18677541216042554
4,-0.03609554237748064,0.16217555219646504,0.19827109457394568
5,0.3903249485609365,0.64631480312677,0.2559898545658335
6,-0.0029088139362739816,0.2789204119849809,0.28182922592125487
7,0.11464724859733748,-0.023614376623251988,-0.13826162522058946
8,0.11066715295209598,0.19218511229192284,0.08151795933982686
9,0.07282388917765378,0.22438301858476556,0.15155912940711178
none (full sample),0.06606455331369536,0.2405941906933877,0.17452963737969235
