fold,test_start,test_end,n_periods,baseline_sharpe,baseline_cum_return_pct,ml_sharpe,ml_cum_return_pct
0,2015-02-01,2016-02-01,12,1.5293147466637558,30.129186350443106,-0.17162561220274072,-1.2298489748267971
1,2016-03-01,2017-03-01,12,-0.6161631910686528,-8.411555394168047,-0.3964220757602756,-3.141943588123808
2,2017-04-01,2018-04-01,12,1.082038390559052,12.048920838607625,1.090301539859729,4.887480091535279
3,2018-05-01,2019-05-01,12,0.3673427744841765,3.3490586673807776,0.3934370056799705,2.32643552534344
4,2019-06-01,2020-06-01,12,0.6741362677500669,14.578252576133256,0.8161532949230155,10.126961931476885
5,2020-07-01,2021-07-01,12,-1.3039998910259092,-36.584981032546374,-1.1506912709003043,-23.989391846950337
6,2021-08-01,2022-08-01,12,0.7619654967666645,11.04699697470586,-0.054053885455754944,-1.4199102597582058
7,2022-09-01,2023-09-01,12,-0.5389619678933896,-7.144507149594281,2.802850166878883,31.255403510118974
8,2023-10-01,2024-10-01,12,-0.24256620116076072,-7.157599645191681,0.5766869115759059,7.01855512411087
9,2024-11-01,2024-12-31,1,,-1.079532797805416,,1.8679457393432797
