mode,factor,n,mean,std,t_stat
published,mom_z,167,0.0035530679390507,0.2088227960067198,0.2198790444759829
published,val_z,179,0.0110512205620507,0.1175200025614046,1.258128411807143
published,qual_z,179,0.0040881153359565,0.1199822992147229,0.4558610382285474
oldformula,mom_z,167,0.0035530679390507,0.2088227960067198,0.2198790444759829
oldformula,val_z,179,0.010547870366014,0.1171496918633517,1.2046202195264957
oldformula,qual_z,179,0.0040881153359565,0.1199822992147229,0.4558610382285474
corrected,mom_z,167,0.0035530679390507,0.2088227960067198,0.2198790444759829
corrected,val_z,179,-0.0050905225865017,0.1413227584833615,-0.4819220286774817
corrected,qual_z,179,0.0040881153359565,0.1199822992147229,0.4558610382285474
