mode,fold_dropped,baseline_sharpe,rf_depth10_leaf50_sharpe,ml_minus_baseline
published,0,-0.11442295165168825,0.2693510777990878,0.38377402945077604
published,1,0.12329821302026771,0.29030120060391806,0.16700298758365034
published,2,-0.005505842454723056,0.2081754604413002,0.21368130289602325
published,3,0.04695583721216233,0.23373124937258788,0.18677541216042554
published,4,-0.03609554237748064,0.16217555219646504,0.19827109457394568
published,5,0.3903249485609365,0.64631480312677,0.2559898545658335
published,6,-0.0029088139362739816,0.2789204119849809,0.28182922592125487
published,7,0.11464724859733748,-0.023614376623251988,-0.13826162522058946
published,8,0.11066715295209598,0.19218511229192284,0.08151795933982686
published,9,0.07282388917765378,0.22438301858476556,0.15155912940711178
published,none (full sample),0.06606455331369536,0.2405941906933877,0.17452963737969235
oldformula,0,-0.13051476557371725,0.13602848646223034,0.2665432520359476
oldformula,1,0.109116731335061,0.11249191484045283,0.0033751835053918294
oldformula,2,-0.01800244347077971,0.10355300378957154,0.12155544726035125
oldformula,3,0.030995390645760977,0.07540444421720947,0.0444090535714485
oldformula,4,-0.042622362711710306,-0.04261763464528278,4.728066427525657e-06
oldformula,5,0.3723086115691176,0.47511313628575685,0.10280452471663926
oldformula,6,-0.012768759259819127,0.19731857878103348,0.2100873380408526
oldformula,7,0.10695827120004142,-0.1592388559338737,-0.26619712713391513
oldformula,8,0.08564921510445173,0.04991254998294238,-0.035736665121509345
oldformula,9,0.05700538231035572,0.07547506954240023,0.018469687232044507
oldformula,none (full sample),0.05198561920616251,0.09579045153104614,0.04380483232488363
corrected,0,-0.32522475170885146,-0.4738993323217927,-0.14867458061294125
corrected,1,-0.09911188808335021,-0.4694012939332315,-0.3702894058498813
corrected,2,-0.24903209101691887,-0.40856501682550767,-0.1595329258085888
corrected,3,-0.20615779602500586,-0.5469279692774281,-0.3407701732524223
corrected,4,-0.2786395639156846,-0.5553770389922174,-0.27673747507653274
corrected,5,0.13697977889973223,-0.10344311587107836,-0.24042289477081058
corrected,6,-0.24070928068248207,-0.4773030454263122,-0.23659376474383012
corrected,7,-0.10741568847277572,-0.49466863290963115,-0.38725294443685543
corrected,8,-0.1552425352107664,-0.48728318070385584,-0.3320406454930894
corrected,9,-0.16798425047285687,-0.4957216521584191,-0.32773740168556226
corrected,none (full sample),-0.17387603120903866,-0.4567397533541896,-0.28286372214515093
