config,published,oldformula,corrected
baseline,0.06606455331369536,0.05198561920616251,-0.17280648223396528
gbm_lr0.03_depth3,0.15976390736884805,-0.0013759125397040663,-0.3609688928791961
gbm_lr0.03_depth5,-0.03558260755989944,-0.071758925511944,-0.5172918270689145
gbm_lr0.1_depth3,0.06564409676082454,-0.12479374270418024,-0.4214952546759371
gbm_lr0.1_depth5,0.1447455605604887,0.018308299527173704,-0.5899172349425899
rf_depth10_leaf200,-0.21981561624101223,-0.2565002709003687,-0.4708514969854136
rf_depth10_leaf50,0.2405941906933877,0.09579045153104614,-0.4567397533541896
rf_depth5_leaf200,-0.3570883425608173,-0.35277156187031855,-0.42294185782209726
rf_depth5_leaf50,-0.009259372077212238,-0.06396160971655863,-0.4041271260172238
