config,published_sharpe,corrected_sharpe,sharpe_swing,swing_vs_baseline_swing,paired_t_mean_monthly_return_impact_vs_baseline
gbm_lr0.03_depth3,0.15976390736884805,-0.3609688928791961,-0.5207328002480441,2.1799746421920005,-0.8934623256615666
gbm_lr0.03_depth5,-0.03558260755989944,-0.5172918270689145,-0.4817092195090151,2.0166079089689477,-0.4321313046757718
gbm_lr0.1_depth3,0.06564409676082454,-0.4214952546759371,-0.4871393514367617,2.03934039269305,-0.7237921923270014
gbm_lr0.1_depth5,0.1447455605604887,-0.5899172349425899,-0.7346627955030786,3.0755624842447475,-1.5697805008980747
rf_depth10_leaf200,-0.21981561624101223,-0.4708514969854136,-0.2510358807444014,1.0509264137816055,0.5197192591842678
rf_depth10_leaf50,0.2405941906933877,-0.4567397533541896,-0.6973339440475773,2.919290496852399,-1.1117275993512847
rf_depth5_leaf200,-0.3570883425608173,-0.42294185782209726,-0.06585351526127997,0.2756864812441464,0.7835176193476201
rf_depth5_leaf50,-0.009259372077212238,-0.4041271260172238,-0.39486775394001156,1.6530583251112743,-0.29514232660530515
baseline,0.06606455331369536,-0.17280648223396528,-0.23887103554766065,1.0,
